{
  "width": 414,
  "height": 500,
  "cx": [
    [ "lier", 170 ],
    [ "packaging", 272 ],
    [ "noter", 50 ],
    [ "thé", 170 ],
    [ "avoir", 272 ],
    [ "catégorie", 366 ],
    [ "utilisateur", 50 ],
    [ "inclure", 170 ],
    [ "passer", 50 ],
    [ "commande", 170 ]
  ],
  "cy": [
    [ "lier", 43 ],
    [ "packaging", 43 ],
    [ "noter", 187 ],
    [ "thé", 187 ],
    [ "avoir", 187 ],
    [ "catégorie", 187 ],
    [ "utilisateur", 331 ],
    [ "inclure", 331 ],
    [ "passer", 449 ],
    [ "commande", 449 ]
  ],
  "shift": [
    [ "lier,thé,0", 0 ],
    [ "lier,packaging,0", 0 ],
    [ "noter,utilisateur,0", 0 ],
    [ "noter,thé,0", 0 ],
    [ "avoir,thé,0", 0 ],
    [ "avoir,catégorie,0", 0 ],
    [ "inclure,commande,0", 0 ],
    [ "inclure,thé,0", 0 ],
    [ "passer,utilisateur,0", 0 ],
    [ "passer,commande,0", 0 ]
  ],
  "ratio": [
    [ "lier,thé,0", 1.0 ],
    [ "lier,packaging,0", 1.0 ],
    [ "noter,utilisateur,0", 1.0 ],
    [ "noter,thé,0", 1.0 ],
    [ "avoir,thé,0", 1.0 ],
    [ "avoir,catégorie,0", 1.0 ],
    [ "inclure,commande,0", 1.0 ],
    [ "inclure,thé,0", 1.0 ],
    [ "passer,utilisateur,0", 1.0 ],
    [ "passer,commande,0", 1.0 ]
  ]
}