{
  "width": 615,
  "height": 574,
  "cx": [
    [ "categories", 309 ],
    [ "appartient", 309 ],
    [ "images", 58 ],
    [ "représentant", 171 ],
    [ "products", 309 ],
    [ "contenir1", 433 ],
    [ "carts", 553 ],
    [ "de", 171 ],
    [ "appartenir2", 309 ],
    [ "appartenir1", 553 ],
    [ "package_sizes", 58 ],
    [ "contenir2", 171 ],
    [ "orders", 309 ],
    [ "effectuer", 433 ],
    [ "users", 553 ]
  ],
  "cy": [
    [ "categories", 43 ],
    [ "appartient", 127 ],
    [ "images", 253 ],
    [ "représentant", 253 ],
    [ "products", 253 ],
    [ "contenir1", 253 ],
    [ "carts", 253 ],
    [ "de", 379 ],
    [ "appartenir2", 379 ],
    [ "appartenir1", 379 ],
    [ "package_sizes", 497 ],
    [ "contenir2", 497 ],
    [ "orders", 497 ],
    [ "effectuer", 497 ],
    [ "users", 497 ]
  ],
  "shift": [
    [ "appartient,products,0", 0 ],
    [ "appartient,categories,0", 0 ],
    [ "représentant,products,0", 0 ],
    [ "représentant,images,0", 0 ],
    [ "contenir1,products,0", 0 ],
    [ "contenir1,carts,0", 0 ],
    [ "de,products,0", 0 ],
    [ "de,package_sizes,0", 0 ],
    [ "appartenir2,products,0", 0 ],
    [ "appartenir2,orders,0", 0 ],
    [ "appartenir1,users,0", 0 ],
    [ "appartenir1,carts,0", 0 ],
    [ "contenir2,package_sizes,0", 0 ],
    [ "contenir2,orders,0", 0 ],
    [ "effectuer,orders,0", 0 ],
    [ "effectuer,users,0", 0 ]
  ],
  "ratio": []
}